[
	{
		"id": 0,
		"title": "Axe",
		"value": 6,
		"stats": {
			"power": 1,
			"defense": 4,
			"vitality": 2
		},
		"description": "Gloves made from steel. Yea.",
		"stackable": false,
		"rarity": 2,
		"slug":  "steel-gloves",
		"prefab": "axe"
	},
	{
		"id": 1,
		"title": "The Great Stick",
		"value": 543,
		"stats": {
			"power": 56,
			"defense": 2,
			"vitality": 54
		},
		"description": "It's a stick that's pretty great.",
		"stackable": true,
		"rarity": 6,
		"slug": "the-great-stick",
		"prefab": "stick"
	},
	{
		"id": 2,
		"title": "LR Rifle",
		"value": 234,
		"stats": {
			"power": 400,
			"defense": 100,
			"vitality": 150
		},
		"description": "Long Range Rifle useful for distant targets",
		"stackable": false,
		"rarity": 6,
		"slug":  "Rifle",
		"prefab": "Rifle"
		}
]